Model,Accuracy,Precision,Recall,F1-Score,ROC-AUC
Logistic Regression,0.8911845730027548,0.842809364548495,0.8873239436619719,0.8644939965694682,0.9455340641131859
Random Forest,0.8911845730027548,0.8546712802768166,0.8697183098591549,0.8621291448516579,0.9485971257408705
XGBoost,0.8898071625344353,0.8493150684931506,0.8732394366197183,0.8611111111111112,0.9501386144923841
