Model,Accuracy,Precision,Recall,F1-Score,ROC-AUC
Logistic Regression (Tuned),0.9173553719008265,0.8708609271523179,0.926056338028169,0.8976109215017065,0.9690029316168505
Random Forest (Tuned),0.9297520661157025,0.903114186851211,0.9190140845070423,0.9109947643979057,0.9694410808743866
XGBoost (Tuned),0.9242424242424242,0.888135593220339,0.9225352112676056,0.9050086355785838,0.9693375183226053
