Model,Accuracy,Precision,Recall,F1-Score,ROC-AUC,CV Mean,CV Std,Train Time (s)
Logistic Regression,0.9201101928374655,0.869281045751634,0.9366197183098591,0.9016949152542373,0.9748820980179721,0.948395583854197,0.009893021401049031,0.06277084350585938
Decision Tree,0.8884297520661157,0.8306188925081434,0.897887323943662,0.8629441624365483,0.9631277483907972,0.9085376612081444,0.013907210434413569,0.03278708457946777
Random Forest,0.9173553719008265,0.8758389261744967,0.9190140845070423,0.8969072164948454,0.9722850678733032,0.9481431288172335,0.010444054778610226,0.5634822845458984
KNN (k=10),0.9146005509641874,0.9663865546218487,0.8098591549295775,0.8812260536398467,0.9587582053406412,0.9307672047302867,0.011578980983325495,0.004967927932739258
XGBoost,0.9297520661157025,0.9003436426116839,0.9225352112676056,0.9113043478260869,0.9743005544579695,0.9520975394460995,0.01013854207342004,0.5197610855102539
