Seed,Logistic Regression,Random Forest,XGBoost
42,0.9745873430629023,0.9745634440124913,0.9764116372442802
123,0.9745873430629023,0.9737907080492001,0.97371104454783
456,0.9745873430629023,0.9721894716716589,0.974483780511121
789,0.9745873430629023,0.9736393473965967,0.9732330635396087
1024,0.9745873430629023,0.9734162895927603,0.9753919444267415
