Seed,Logistic Regression,Random Forest,XGBoost
42,0.9741810592059142,0.9728267796826207,0.9750732904212607
123,0.9741810592059142,0.9732171308393347,0.9738783379007074
456,0.9741810592059142,0.9731374673379644,0.9751848193231789
789,0.9741810592059142,0.9730179720859091,0.9735517175450896
1024,0.9741810592059142,0.9728666114333058,0.9755114396787967
