Model,Accuracy,Precision,Recall,F1-Score,ROC-AUC
Logistic Regression (Tuned),0.9242424242424242,0.8803986710963455,0.9330985915492958,0.905982905982906,0.9745873430629023
Random Forest (Tuned),0.9297520661157025,0.9087719298245615,0.9119718309859155,0.9103690685413005,0.9745634440124913
XGBoost (Tuned),0.931129476584022,0.9006849315068494,0.926056338028169,0.9131944444444444,0.9743244535083806
