Model,Accuracy,Precision,Recall,F1-Score,ROC-AUC
Logistic Regression (Tuned),0.9228650137741047,0.8774834437086093,0.9330985915492958,0.9044368600682594,0.9741810592059142
Random Forest (Tuned),0.918732782369146,0.8787878787878788,0.9190140845070423,0.8984509466437177,0.9728267796826207
XGBoost (Tuned),0.9256198347107438,0.8859060402684564,0.9295774647887324,0.9072164948453608,0.9744997132113951
